{"cameraMode":{"drawMode":0,"name":"Shaded","section":"Shading Mode"},"sceneLighting":false,"audioPlay":false,"sceneViewState":{"showFog":true,"showMaterialUpdate":false,"showSkybox":true,"showFlares":true,"showImageEffects":true,"showParticleSystems":true},"in2DMode":false,"pivot":{"x":-2.0444936752319338,"y":5.321521759033203,"z":0.5817028284072876},"rotation":{"x":-0.3542124927043915,"y":0.618327796459198,"z":-0.3658776879310608,"w":-0.5986132025718689},"size":22.582355499267579,"orthographic":false}