{"cameraMode":{"drawMode":0,"name":"Shaded","section":"Shading Mode"},"sceneLighting":false,"audioPlay":false,"sceneViewState":{"showFog":true,"showMaterialUpdate":false,"showSkybox":true,"showFlares":true,"showImageEffects":true,"showParticleSystems":true},"in2DMode":false,"pivot":{"x":12.030529975891114,"y":4.892751693725586,"z":-11.798405647277832},"rotation":{"x":0.08116381615400315,"y":0.9001749157905579,"z":-0.19074657559394837,"w":0.3830317258834839},"size":45.10563659667969,"orthographic":false}